parcel_id,zone_code
"29 3712-00-529","RR-65"
"29 3710-00-557","RR-65"
"29 3710-00-517","RR-65"
"29 3710-00-548","RR-65"
"29 3711-00-529","RR-65"
"29 3711-00-552","RR-65"
"29 3711-00-531","RR-65"
"29 3711-00-557","RR-65"
"29 3711-00-546","RR-65"
"29 3711-00-513","RR-65"
"29 3712-00-503","RR-65"
"29 3711-00-756","RR-65"
"29 3710-00-759","RR-65"
"29 3710-00-759.1","RR-65"
"29 3711-00-503","RR-65"
"29 3712-00-807","RR-65"
"29 3712-00-787","RR-65"
"29 3710-00-509","CL"
"29 3710-00-553","CL"
"29 3710-00-502","CL"
"29 3712-00-531","RR-65"
"29 3710-00-550","CL"
"29 3712-00-530","RR-65"
"29 3710-00-566","RR-65"
"29 3711-00-760","RR-65"
"29 3710-00-547","RR-65"
"29 3712-00-545","RR-65"
"29 3711-00-508","RR-65"
"29 3711-00-518","RR-65"
"29 3711-00-565","RR-65"
"29 3711-00-548","RR-65"
"29 3711-00-543","RR-65"
"29 3711-00-515","RR-65"
"29 3712-00-773","RR-65"
"29 3807-00-500","INS"
"29 3712-00-780","RR-65"
"29 3712-00-750","RR-65"
"29 3712-00-751","RR-65"
"29 3807-00-502","INS"
"29 3712-00-540","RR-65"
"29 3712-00-541","RR-65"
"29 3712-00-532","RR-65"
"29 3712-00-520","RR-65"
"29 3712-00-544","RR-65"
"29 3711-00-754","RR-65"
"29 3711-00-751","RR-65"
"29 3711-00-752","RR-65"
"29 3711-00-520","RR-65"
"29 3711-00-511","RR-65"
"29 3711-00-563","RR-65"
"29 3711-00-753","RR-65"
"29 3711-00-556","RR-65"
"29 3710-00-761","RR-65"
"29 3702-00-778","RR-65"
"29 3806-01-2-2","RM-6"
"28 3831-00-257.1","R/LC"
"29 3806-00-11","RS-21"
"29 3806-00-10","INS"
"28 3831-54-B-54","CG"
"28 3735-25-B","INS"
"28 3735-25-2","RS-10"
"29 3710-00-754","RR-65"
"29 3711-00-254","RR-65"
"29 3710-00-562","RR-65"
"28 3735-00-510","INS"
"28 3831-26-4-1","RS-10"
"28 3831-26-4-8","RS-10"
"28 3831-26-5-1","RS-10"
"28 3831-26-3-1","CG"
"28 3736-50-B-3","RS-15"
"28 3831-26-8.2","RR-65"
"28 3831-26-8.1","CG"
"28 3831-26-6-1","RS-10"
"28 3831-26-4-3","RS-10"
"28 3831-26-6-3","RS-10"
"28 3831-26-6-7","RS-10"
"28 3831-26-6-13","RS-10"
"28 3831-26-6-12","RS-10"
"28 3831-26-3-20","CG"
"28 3831-26-3-14","CG"
"28 3831-26-2-2","RS-10"
"28 3831-26-2-14","CG"
"28 3831-54-5-52","R/LC"
"28 3831-54-5-50","R/LC"
"28 3831-54-5-1","R/LC"
"28 3831-54-5-48","R/LC"
"28 3831-54-5-3","R/LC"
"28 3831-54-5-47","RS-10"
"28 3831-54-5-46","RS-10"
"28 3831-54-5-44","RS-10"
"28 3831-54-5-4","RS-10"
"28 3831-54-5-8","RS-10"
"28 3831-54-5-10","RS-10"
"28 3831-54-5-39","RS-10"
"28 3831-54-5-12","RS-10"
"28 3831-54-5-13","RS-10"
"28 3831-54-5-37","RS-10"
"28 3831-54-5-14","RS-10"
"28 3831-54-5-16","RS-10"
"28 3831-54-5-34","RS-10"
"28 3831-54-5-31","RS-10"
"28 3831-54-5-17","RS-10"
"28 3831-54-5-28","RS-10"
"28 3831-54-5-22","RS-10"
"28 3831-54-4-40","RS-10"
"28 3831-54-4-6","RS-10"
"28 3831-54-4-8","RS-10"
"28 3831-54-4-34","RS-10"
"28 3831-54-4-30","RS-10"
"28 3831-54-4-15","RS-10"
"28 3831-54-4-26","RS-10"
"28 3831-54-4-18","RS-10"
"28 3831-54-4-22","RS-10"
"28 3831-54-B-36","CG"
"28 3831-54-B-30","CG"
"28 3831-54-B-26","CG"
"28 3831-54-B-11","CG"
"28 3831-54-D-1","CG"
"28 3831-50-A-1.01","CG"
"28 3831-50-A-3","CG"
"28 3831-50-A-8.03","CG"
"28 3831-50-A-8.07","INS"
"29 3806-00-2","R/LC"
"29 3806-02-B-9","RM-6"
"29 3806-00-19","CP"
"29 3806-02-B-12","RM-6"
"29 3806-02-C-10","RM-6"
"29 3806-02-C-5","RM-6"
"28 3831-75-*-1","RM-6"
"28 3831-75-*-3","RM-6"
"28 3831-75-*-6","RM-6"
"28 3831-75-*-7","RM-6"
"28 3831-75-*-9","RM-6"
"28 3831-75-*-12","RM-6"
"28 3831-75-*-14","RM-6"
"28 3831-75-*-37","RM-6"
"28 3831-75-*-31","RM-6"
"28 3831-54-B-3.02","RR-65"
"28 3831-54-B-4.01","RR-65"
"28 3831-54-B-4.03","RR-65"
"28 3831-00-267","CG"
"28 3831-00-269","CG"
"28 3831-54-B-52","OI"
"28 3831-UU-P.4","INS"
"29 3710-00-752","RR-65"
"29 3710-00-508","CL"
"29 3807-00-753","RR-65"
"29 3701-00-757","RR-65"
"29 3701-00-854","RR-65"
"29 3701-00-774","RR-65"
"29 3701-00-787","RR-65"
"29 3711-00-274","RR-65"
"29 3711-00-311","RR-65"
"29 3711-00-262","RR-65"
"29 3701-00-830","RR-65"
"29 3702-00-823","RR-65"
"29 3703-00-781","RR-65"
"29 3703-00-500","RR-65"
"29 3712-00-103","RR-65"
"29 3701-00-757.1","INS"
"29 3711-75-45-1","RR-65"
"29 3711-75-41-1","RR-65"
"29 3711-75-38","RR-65"
"29 3711-75-32","RR-65"
"29 3711-75-22-1","RR-65"
"29 3711-75-27-1","RR-65"
"29 3711-75-19-1","RR-65"
"29 3711-75-12-1","RR-65"
"29 3711-00-8","RR-65"
"29 3711-00-8.1","RR-65"
"29 3711-00-33.1","RR-65"
"29 3711-00-33","RR-65"
"29 3711-00-12","RR-65"
"29 3711-00-22","RR-65"
"28 3831-26-7-9","RS-10"
"29 3711-00-1.2","RR-65"
"29 3711-00-1.1","RR-65"
"29 3712-00-55","RR-65"
"29 3711-00-34","RR-65"
"29 3711-00-14","RR-65"
"29 3711-00-13","RR-65"
"29 3711-00-36","RR-65"
"29 3712-00-84","RR-65"
"29 3712-00-46","RR-65"
"29 3712-00-67","RR-65"
"29 3806-00-757","CG"
"29 3805-00-503","CG"
"29 3805-00-507","INS"
"29 3711-00-62","RR-65"
"29 3711-75-42-1","RR-65"
"29 3711-75-43-1","RR-65"
"29 3711-75-44","RR-65"
"29 3711-75-46","RR-65"
"29 3711-75-47-1","RR-65"
"29 3711-75-48-1","RR-65"
"29 3711-75-49-1","RR-65"
"29 3711-75-50-1","RR-65"
"29 3711-75-39","RR-65"
"29 3711-75-37-1","RR-65"
"29 3711-75-36-1","RR-65"
"29 3711-75-35-1","RR-65"
"29 3711-75-34-1","RR-65"
"29 3711-75-33-1","RR-65"
"29 3711-75-31-1","RR-65"
"29 3711-75-21","RR-65"
"29 3711-75-24","RR-65"
"29 3711-75-28-1","RR-65"
"29 3711-75-29","RR-65"
"29 3711-75-30","RR-65"
"29 3711-75-20","RR-65"
"29 3711-75-17-1","RR-65"
"29 3711-75-16-1","RR-65"
"29 3711-75-15-1","RR-65"
"29 3711-75-14-1","RR-65"
"29 3711-75-13-1","RR-65"
"29 3711-75-11-1","RR-65"
"29 3711-75-5-1","RR-65"
"29 3711-75-6-1","RR-65"
"29 3711-75-7","RR-65"
"29 3711-75-9-1","RR-65"
"29 3711-75-10","RR-65"
"29 3711-75-3-1","RR-65"
"29 3711-75-18-3","RR-65"
"29 3702-00-R","INS"
"28 3736-25-*-16","RS-21"
"28 3736-25-*-8","RS-21"
"29 3702-00-531","RR-65"
"29 3702-00-591","RR-65"
"29 3702-00-592","RR-65"
"29 3703-00-38","RR-65"
"28 3736-00-761.1","CG"
"29 3701-00-255.1","INS"
"29 3712-00-593","RR-65"
"29 3701-50-*-2.01","RR-65"
"29 3702-00-R.1","INS"
"29 3702-00-272","RR-65"
"29 3806-00-751","RS-21"
"29 3807-00-761","RR-65"
"29 3807-00-501","RR-65"
"29 3702-00-512","RR-65"
"29 3711-00-54","RR-65"
"29 3711-00-42","RR-65"
"28 3735-00-14.1","INS"
"28 3736-00-1","INS"
"28 3736-00-2","INS"
"28 3736-00-509","INS"
"28 3831-00-250.3","CG"
"28 3735-00-1","INS"
"28 3735-00-4","INS"
"29 3701-00-548","RR-65"
"29 3702-00-769","RR-65"
"29 3701-00-504.1","RR-65"
"29 3702-00-768","RR-65"
"29 3703-00-506","RR-65"
"29 3702-00-798","RR-65"
"29 3701-00-568","RR-65"
"29 3701-00-529","RR-65"
"29 3701-00-577","RR-65"
"29 3701-00-566","RR-65"
"29 3701-00-569","RR-65"
"29 3702-00-514","RR-65"
"29 3702-00-788","RR-65"
"29 3702-00-804","RR-65"
"29 3702-00-789","RR-65"
"29 3702-00-812","RR-65"
"29 3702-00-766","RR-65"
"29 3702-00-826","RR-65"
"29 3702-00-517","RR-65"
"29 3701-00-501","RR-65"
"29 3702-00-761","RR-65"
"29 3703-00-507","RR-65"
"29 3806-UU-R.1","RR-65"
"29 3806-UU-D.4","RR-65"
"29 3806-UU-R.2","RR-65"
"29 3806-UU-*-38","RR-65"
"29 3806-UU-*-19","RR-65"
"29 3806-UU-*-39","RR-65"
"29 3806-UU-P.3","RR-65"
"29 3806-UU-*-25","RR-65"
"29 3806-UU-*-37","RR-65"
"29 3806-UU-*-40","RR-65"
"29 3806-UU-*-41","RR-65"
"29 3806-UU-RW.1","RR-65"
"29 3701-00-36","RR-65"
"29 3806-02-A-1","R/LC"
"29 3701-00-50","RR-65"
"29 3702-00-20","R/LC"
"29 3806-02-B-6","RM-6"
"29 3702-00-69","R/LC"
"29 3806-00-1","CP"
"29 3701-00-286","R/LC"
"29 3806-UU-*-3","RR-65"
"29 3806-UU-*-18","RR-65"
"29 3806-UU-*-14","RR-65"
"29 3806-UU-*-13","RR-65"
"29 3806-UU-*-12","RR-65"
"29 3806-02-B-2","RM-6"
"29 3806-01-2-1","RM-6"
"29 3806-UU-*-11","RR-65"
"29 3806-UU-*-10","RR-65"
"29 3806-UU-*-9","RR-65"
"29 3806-UU-*-8","RR-65"
"29 3806-UU-*-7","RR-65"
"29 3806-UU-*-6","RR-65"
"29 3806-UU-*-5","RR-65"
"29 3806-UU-*-4","RR-65"
"29 3701-00-1","RR-65"
"29 3701-00-8","RR-65"
"29 3701-00-7","RR-65"
"29 3701-00-51","RR-65"
"29 3701-00-66","RR-65"
"29 3701-00-53","CG"
"29 3806-UU-C","RR-65"
"29 3701-00-250","RR-65"
"29 3702-00-38","R/LC"
"29 3703-01-*-1","OI"
"29 3703-01-*-1.01","OI"
"28 3736-00-515","CG"
"28 3831-75-*-5","RM-6"
"28 3831-75-*-18","RM-6"
"28 3831-75-*-16","RM-6"
"28 3736-50-A-35","R/LC"
"28 3736-51-2-39","RS-15"
"28 3736-51-1-41","RS-15"
"28 3735-75-*-10","RR-65"
"28 3831-54-B-1.01","R/LC"
"28 3736-50-B-17","RS-15"
"28 3735-75-*-61","RR-65"
"28 3736-51-2-43","RS-15"
"28 3736-51-2-37","RS-15"
"28 3736-51-1-38","RS-15"
"28 3831-76-*-16","R-MH"
"28 3735-75-*-9","RR-65"
"28 3735-00-506","OI"
"28 3735-00-505","RR-65"
"28 3735-00-503","OI"
"28 3734-00-758","R-MH"
"28 3734-00-756","OI"
"28 3831-76-*-10","R-MH"
"28 3735-75-*-8","RR-65"
"28 3735-75-*-38","RR-65"
"28 3735-75-*-7","RR-65"
"28 3831-54-3-1","R/LC"
"28 3831-54-B-7.01","CG"
"28 3831-54-3-3","R/LC"
"28 3831-54-B-9","CG"
"28 3736-00-512","RR-65"
"28 3736-00-513","RR-65"
"28 3831-54-C-26","CG"
"28 3831-51-A-3","CG"
"28 3831-51-A-2","CG"
"28 3736-00-507","RR-65"
"28 3735-75-*-5","RR-65"
"28 3831-54-3-9","RS-10"
"28 3831-54-C-17","R/LC"
"28 3831-54-C-25","CG"
"28 3831-50-A-8.04","R/LC"
"28 3735-75-*-4","RR-65"
"28 3831-54-C-22","CG"
"28 3831-50-A-8.05","RS-10"
"28 3831-54-1-10","RS-10"
"28 3831-50-A-8.06","RS-10"
"28 3831-54-D-2","CG"
"28 3735-75-*-3","RR-65"
"28 3735-75-*-2","RR-65"
"28 3736-00-508","RR-65"
"28 3735-75-*-1","RR-65"
"28 3736-00-258","RR-65"
"28 3831-26-2-5","CG"
"28 3735-00-17","RR-65"
"28 3736-00-257","RR-65"
"28 3735-25-*-89","RS-10"
"28 3735-25-*-90","RS-10"
"28 3735-25-*-88","RS-10"
"28 3735-25-*-87","RS-10"
"28 3735-25-*-91","RS-10"
"28 3735-25-3.1","RS-10"
"28 3736-25-*-27","RS-21"
"28 3735-01-*-2","RR-65"
"28 3735-25-*-85","RS-10"
"28 3735-25-*-98","RS-10"
"28 3735-25-*-92","RS-10"
"28 3735-25-*-93","RS-10"
"28 3735-25-*-94","RS-10"
"28 3735-25-*-95","RS-10"
"28 3735-25-*-96","RS-10"
"28 3735-25-*-97","RS-10"
"28 3736-25-C","RS-21"
"28 3735-00-12","INS"
"28 3735-25-*-99","RS-10"
"28 3735-25-3","RS-10"
"28 3735-25-*-84","RS-10"
"28 3736-25-*-28","RS-21"
"28 3735-25-*-100","RS-10"
"28 3735-25-*-83","RS-10"
"28 3735-25-*-82","RS-10"
"28 3735-25-*-81","RS-10"
"28 3735-25-*-80","RS-10"
"28 3735-25-*-79","RS-10"
"28 3735-25-*-78","RS-10"
"28 3735-25-*-77","RS-10"
"28 3735-25-*-76","RS-10"
"28 3736-25-*-33","RS-21"
"28 3735-25-*-105","RS-10"
"28 3736-25-*-35","RS-21"
"28 3735-25-*-103","RS-10"
"28 3735-25-*-102","RS-10"
"28 3735-25-*-71","RS-10"
"28 3735-25-*-72","RS-10"
"28 3735-25-*-73","RS-10"
"28 3735-25-*-74","RS-10"
"28 3735-25-*-75","RS-10"
"28 3735-25-*-101","RS-10"
"28 3735-25-*-70","RS-10"
"28 3735-25-*-106","RS-10"
"28 3735-25-*-69","RS-10"
"28 3735-00-10","RR-65"
"28 3735-25-*-68","RS-10"
"28 3735-25-*-107","RS-10"
"28 3735-25-*-108","RS-10"
"28 3735-25-*-126","RS-10"
"28 3735-25-*-109","RS-10"
"28 3735-25-*-127","RS-10"
"28 3735-25-*-128","RS-10"
"28 3735-25-*-129","RS-10"
"28 3735-25-*-130","RS-10"
"28 3735-25-*-110","RS-10"
"28 3735-00-9","RR-65"
"28 3735-25-*-67","RS-10"
"28 3735-25-*-114","RS-10"
"28 3735-25-*-66","RS-10"
"28 3735-25-*-113","RS-10"
"28 3735-25-*-125","RS-10"
"28 3735-25-*-124","RS-10"
"28 3735-25-*-112","RS-10"
"28 3735-25-*-123","RS-10"
"28 3735-25-*-122","RS-10"
"28 3735-25-*-121","RS-10"
"28 3735-25-*-111","RS-10"
"28 3735-25-*-115","RS-10"
"28 3735-00-14","RR-65"
"28 3735-00-13","RR-65"
"28 3735-00-8","RR-65"
"28 3735-00-6","INS"
"28 3735-25-*-116","RS-10"
"28 3735-25-*-65","RS-10"
"28 3735-25-*-64","RS-10"
"28 3735-25-*-63","RS-10"
"28 3735-25-*-119","RS-10"
"28 3735-25-*-62","RS-10"
"28 3735-25-*-56","RS-10"
"28 3735-25-*-118","RS-10"
"28 3735-25-*-117","RS-10"
"28 3831-00-270","RR-65"
"28 3735-25-*-61","RS-10"
"28 3735-25-*-55","RS-10"
"28 3735-25-*-54","RS-10"
"28 3735-25-*-53","RS-10"
"28 3735-25-*-60","RS-10"
"28 3735-25-*-52","RS-10"
"28 3735-25-*-59","RS-10"
"28 3735-25-*-58","RS-10"
"28 3735-25-*-57","RS-10"
"28 3735-25-*-51","RS-10"
"28 3735-25-1","RS-10"
"28 3735-25-*-36","RS-10"
"28 3735-25-*-34","RS-10"
"28 3735-25-*-35","RS-10"
"28 3735-25-*-37","RS-10"
"28 3735-25-*-38","RS-10"
"28 3735-25-*-1","RS-10"
"28 3735-25-*-33","RS-10"
"28 3735-25-*-2","RS-10"
"28 3735-25-*-28","RS-10"
"28 3735-25-*-3","RS-10"
"28 3735-25-*-29","RS-10"
"28 3735-25-*-30","RS-10"
"28 3735-25-*-32","RS-10"
"28 3735-25-*-31","RS-10"
"28 3735-25-*-4","RS-10"
"28 3735-25-*-27","RS-10"
"28 3735-25-*-26","RS-10"
"28 3735-25-*-25","RS-10"
"28 3735-25-*-24","RS-10"
"28 3735-25-*-23","RS-10"
"28 3735-25-*-22","RS-10"
"28 3735-25-*-5","RS-10"
"28 3735-25-*-21","RS-10"
"28 3735-25-*-20","RS-10"
"28 3735-25-*-6","RS-10"
"28 3735-25-*-50","RS-10"
"28 3735-25-*-49","RS-10"
"28 3735-25-*-48","RS-10"
"28 3735-25-*-47","RS-10"
"28 3735-25-*-46","RS-10"
"28 3735-25-*-45","RS-10"
"28 3735-25-*-19","RS-10"
"28 3735-25-*-7","RS-10"
"29 3807-00-757","RR-65"
"29 3807-00-756","RR-65"
"29 3712-00-509","RR-65"
"29 3712-00-766","RR-65"
"29 3712-00-768","RR-65"
"29 3712-00-769","RR-65"
"29 3712-00-770","RR-65"
"29 3712-00-771","RR-65"
"29 3712-00-543","RR-65"
"29 3711-00-538","RR-65"
"29 3711-00-525","RR-65"
"29 3711-00-526","RR-65"
"29 3711-00-562","RR-65"
"29 3807-00-758","RR-65"
"29 3712-00-764","RR-65"
"29 3712-00-776","RR-65"
"29 3712-00-803","RR-65"
"29 3712-00-774","RR-65"
"29 3712-00-790","RR-65"
"29 3712-00-512","RR-65"
"29 3710-00-784","RR-65"
"29 3710-00-774","RR-65"
"29 3710-00-775","RR-65"
"29 3710-00-769","RR-65"
"29 3710-00-770","RR-65"
"29 3710-00-777","RR-65"
"29 3712-00-522","RR-65"
"29 3711-00-539","RR-65"
"29 3711-00-535","RR-65"
"29 3710-00-564","R/LC"
"29 3710-00-565","R/LC"
"29 3710-00-574","R/LC"
"29 3711-00-559","RR-65"
"29 3710-00-505","R/LC"
"29 3711-00-572","RR-65"
"29 3710-00-522","R/LC"
"29 3710-00-568","OI"
"29 3711-75-40-1","RR-65"
"29 3711-00-575","RR-65"
"29 3712-00-513","RR-65"
"29 3712-00-784","RR-65"
"29 3712-00-789","RR-65"
"29 3712-00-795","RR-65"
"29 3712-00-799","RR-65"
"29 3712-00-533","RR-65"
"29 3710-00-773","RR-65"
"29 3712-00-523","RR-65"
"29 3710-00-788","RR-65"
"29 3710-00-780","RR-65"
"29 3711-00-554","RR-65"
"29 3711-00-509","RR-65"
"29 3808-00-509","RR-65"
"29 3711-00-560","RR-65"
"29 3710-00-536","RR-65"
"29 3711-00-542","RR-65"
"29 3710-00-539","RR-65"
"29 3808-00-511","RR-65"
"29 3808-00-515","RR-65"
"29 3710-00-511","RR-65"
"29 3710-00-532","R/LC"
"29 3712-00-547","RR-65"
"29 3712-00-762","RR-65"
"29 3711-00-504.2","RR-65"
"29 3712-00-794","RR-65"
"29 3712-00-808","RR-65"
"29 3712-00-777","RR-65"
"29 3712-00-788","RR-65"
"29 3712-00-519","RR-65"
"29 3710-00-764","RR-65"
"29 3710-00-781","RR-65"
"29 3712-00-525","RR-65"
"29 3710-00-776","RR-65"
"29 3710-00-760","RR-65"
"29 3711-00-541","RR-65"
"29 3711-00-530","RR-65"
"29 3710-00-506","RR-65"
"29 3711-00-561","RR-65"
"29 3710-00-543","RR-65"
"29 3711-00-571","RR-65"
"29 3710-00-527","RR-65"
"29 3710-00-512","R/LC"
"29 3711-00-504.1","RR-65"
"29 3712-00-758","RR-65"
"29 3712-00-793","RR-65"
"29 3712-00-810","RR-65"
"29 3712-00-800","RR-65"
"29 3712-00-792","RR-65"
"29 3712-00-521","RR-65"
"29 3712-50-*-1","RR-65"
"29 3710-00-771","RR-65"
"29 3710-00-766","RR-65"
"29 3712-00-526","RR-65"
"29 3710-00-782","RR-65"
"29 3711-00-528","RR-65"
"29 3711-00-519","RR-65"
"29 3710-00-541","RR-65"
"29 3711-00-521","RR-65"
"29 3710-00-559","RR-65"
"29 3711-00-550","RR-65"
"29 3710-00-529","RR-65"
"29 3711-00-504.3","RR-65"
"29 3710-00-534","R/LC"
"29 3712-00-527","RR-65"
"29 3712-00-760","RR-65"
"29 3712-00-806","RR-65"
"29 3808-00-503","RR-65"
"29 3710-00-763","RR-65"
"29 3808-00-508","RR-65"
"29 3808-00-513","RR-65"
"29 3710-00-783","RR-65"
"29 3807-00-752","RR-65"
"29 3710-00-762","RR-65"
"29 3807-00-760","RR-65"
"29 3710-00-779","RR-65"
"29 3807-00-759","RR-65"
"29 3711-00-564","RR-65"
"29 3711-00-514","RR-65"
"29 3711-00-522","RR-65"
"29 3711-00-568","RR-65"
"29 3712-00-781","RR-65"
"29 3711-00-569","RR-65"
"29 3710-00-555","RR-65"
"29 3712-00-809","RR-65"
"29 3710-00-520","RR-65"
"29 3710-00-567","RR-65"
"29 3712-00-772","RR-65"
"29 3710-00-533","R/LC"
"29 3712-00-508","RR-65"
"29 3712-00-517","RR-65"
"29 3712-50-*-2","RR-65"
"29 3712-00-546","RR-65"
"29 3711-75-8-1","RR-65"
"29 3711-75-1-1","RR-65"
"29 3712-00-511","RR-65"
"29 3711-75-2-1","RR-65"
"29 3710-00-786","RR-65"
"29 3710-00-767","RR-65"
"29 3712-00-783","RR-65"
"29 3712-00-798","RR-65"
"29 3710-00-755","RR-65"
"29 3711-00-504","RR-65"
"29 3710-00-507","RR-65"
"29 3710-00-515","RR-65"
"29 3710-00-552","RR-65"
"29 3710-00-551","RR-65"
"29 3710-00-518","OI"
"29 3711-00-758","RR-65"
"29 3711-00-555","RR-65"
"29 3711-00-536","RR-65"
"29 3711-00-534","RR-65"
"29 3703-00-757","RR-65"
"29 3711-00-533","RR-65"
"29 3712-00-785","RR-65"
"29 3712-00-791","RR-65"
"29 3712-00-534","RR-65"
"29 3711-00-551","RR-65"
"29 3711-00-553","RR-65"
"29 3710-00-789","RR-65"
"29 3710-00-523","RR-65"
"29 3712-00-515","RR-65"
"29 3711-00-757","RR-65"
"29 3712-00-516","RR-65"
"29 3710-00-519","RR-65"
"29 3710-00-537","OI"
"29 3711-00-523","RR-65"
"29 3711-00-507","RR-65"
"29 3711-00-527","RR-65"
"29 3711-00-516","RR-65"
"29 3710-00-18","RR-65"
"29 3807-00-762","RR-65"
"29 3711-00-503.2","RR-65"
"29 3710-00-521","CL"
"29 3710-00-546","CL"
"29 3710-00-525","CL"
"29 3710-00-530","CL"
"29 3710-00-524","CL"
"29 3712-00-801","RR-65"
"29 3712-00-805","RR-65"
"29 3711-00-750","RR-65"
"29 3712-00-535","RR-65"
"29 3712-00-510","RR-65"
"29 3710-00-563","RR-65"
"29 3710-00-554","RR-65"
"29 3710-00-540","RR-65"
"29 3710-00-569","CG"
"29 3711-00-549","RR-65"
"29 3711-00-544","RR-65"
"28 3735-25-*-39","RS-10"
"29 3711-00-567","RR-65"
"29 3711-00-558","RR-65"
"29 3710-00-758","RR-65"
"29 3711-00-540","RR-65"
"29 3711-00-537","RR-65"
"29 3712-00-812","RR-65"
"29 3712-00-500","RR-65"
"29 3712-00-518","RR-65"
"29 3711-00-759","RR-65"
"29 3712-00-775","RR-65"
"29 3712-00-797","RR-65"
"29 3710-00-772","RR-65"
"29 3712-00-537","RR-65"
"29 3712-00-536","RR-65"
"29 3710-00-545","RR-65"
"29 3710-00-570","RR-65"
"29 3710-00-538","RR-65"
"29 3711-00-503.1","RR-65"
"29 3710-00-561","CG"
"29 3710-00-516","CL"
"29 3710-00-558","CL"
"29 3710-00-531","CL"
"29 3710-00-526","CL"
"29 3711-00-566","RR-65"
"29 3711-00-517","RR-65"
"29 3711-00-547","RR-65"
"29 3711-00-570","RR-65"
"29 3711-00-510","RR-65"
"29 3711-00-524","RR-65"
"29 3711-00-755","RR-65"
"29 3712-00-802","RR-65"
"29 3712-00-804","RR-65"
"29 3712-00-514","RR-65"
"28 3735-25-*-40","RS-10"
"29 3712-00-30","RR-65"
"29 3703-00-760","RR-65"
"28 3735-25-*-41","RS-10"
"29 3710-00-45","RR-65"
"29 3701-00-790","RR-65"
"28 3735-25-*-42","RS-10"
"29 3712-00-48","RR-65"
"29 3701-00-847","RR-65"
"28 3735-25-*-18","RS-10"
"29 3712-00-80","RR-65"
"29 3701-00-500","RR-65"
"28 3735-25-*-43","RS-10"
"29 3712-00-322","RR-65"
"29 3701-00-777","RR-65"
"28 3735-25-*-44","RS-10"
"29 3808-25-*-1","RS-21"
"29 3712-00-319","RR-65"
"29 3808-25-*-2","RS-21"
"29 3808-25-*-3","RS-21"
"29 3808-25-*-4","RS-21"
"29 3712-00-307","RR-65"
"29 3711-00-277","RR-65"
"29 3712-00-281","RR-65"
"29 3712-00-315","RR-65"
"29 3710-00-298","CG"
"29 3710-00-285","CG"
"29 3711-00-324","RR-65"
"29 3711-00-282","RR-65"
"29 3807-00-1.1","INS"
"29 3710-00-287","CL"
"29 3807-00-250","INS"
"29 3712-00-31","RR-65"
"29 3712-00-69","RR-65"
"29 3712-00-35","RR-65"
"29 3712-00-36","RR-65"
"29 3712-00-47","RR-65"
"29 3712-00-79","RR-65"
"29 3712-00-54","RR-65"
"29 3712-00-29","RR-65"
"29 3712-00-250","RR-65"
"29 3712-00-261","RR-65"
"29 3712-00-323","RR-65"
"29 3712-00-312","RR-65"
"29 3712-00-341","RR-65"
"29 3712-00-316","RR-65"
"29 3712-00-314","RR-65"
"29 3712-00-254","RR-65"
"29 3712-00-338","RR-65"
"29 3711-00-40","RR-65"
"29 3711-00-45","RR-65"
"29 3805-00-504","INS"
"29 3711-00-24","RR-65"
"29 3711-00-336","RR-65"
"29 3805-50-*-4","RS-21"
"29 3711-00-276","RR-65"
"29 3805-50-*-5","RS-21"
"29 3711-00-301","RR-65"
"29 3711-00-253","RR-65"
"29 3711-00-302","RR-65"
"29 3710-00-10","RR-65"
"29 3711-00-333","RR-65"
"29 3710-00-39","RR-65"
"29 3710-00-11","RR-65"
"29 3710-00-77","RR-65"
"29 3805-50-*-3","RS-21"
"29 3710-00-33","RR-65"
"29 3710-00-44","RR-65"
"29 3710-00-101","RR-65"
"29 3710-00-40","RR-65"
"29 3710-00-63","RR-65"
"29 3710-00-104","RR-65"
"29 3710-00-58","RR-65"
"29 3710-00-80","RR-65"
"29 3710-00-250","RR-65"
"29 3710-00-251","RR-65"
"29 3710-00-252","RR-65"
"29 3805-50-*-6","RS-21"
"29 3710-00-264","CG"
"29 3710-00-274","RR-65"
"29 3710-00-254","RR-65"
"29 3805-50-A","CP"
"29 3701-00-768","RR-65"
"29 3701-00-835","RR-65"
"29 3701-00-753","RR-65"
"29 3701-00-794","RR-65"
"29 3701-00-751","RR-65"
"29 3701-00-752","RR-65"
"29 3701-00-796","RR-65"
"29 3701-00-758","RR-65"
"29 3701-00-778","RR-65"
"29 3701-00-864","RR-65"
"29 3701-00-769","RR-65"
"29 3701-00-834","RR-65"
"29 3701-00-760","RR-65"
"29 3702-00-775","RR-65"
"29 3702-00-811","RR-65"
"29 3702-75-*-28","RR-65"
"29 3805-50-*-12","RS-21"
"29 3702-75-*-15","RR-65"
"29 3702-75-*-14","RR-65"
"29 3701-00-519","RR-65"
"29 3702-75-*-1","RR-65"
"29 3701-00-545","RR-65"
"29 3701-00-551.1","INS"
"29 3701-00-579","RR-65"
"29 3701-00-551","RR-65"
"29 3701-00-518","RR-65"
"29 3701-00-531","RR-65"
"29 3701-00-516","RR-65"
"29 3805-50-*-13","RS-21"
"29 3701-50-*-1","RR-65"
"29 3805-50-*-7","RS-21"
"29 3701-00-507","RR-65"
"29 3702-00-587","RR-65"
"29 3805-00-505","INS"
"29 3807-00-1","IND"
"29 3701-00-755","RR-65"
"29 3701-00-848","RR-65"
"29 3702-00-535","RR-65"
"29 3702-00-581","RR-65"
"29 3702-00-572","RR-65"
"29 3702-00-556","RR-65"
"29 3702-00-557","RR-65"
"29 3702-00-558","RR-65"
"29 3702-00-551","RR-65"
"29 3702-00-552","RR-65"
"29 3702-00-574","RR-65"
"29 3702-00-538","RR-65"
"29 3701-00-543","RR-65"
"29 3805-50-*-11","RS-21"
"29 3702-75-*-27","RR-65"
"29 3702-75-*-16","RR-65"
"29 3701-00-846","RR-65"
"29 3701-00-852","RR-65"
"29 3702-75-*-13","RR-65"
"29 3701-00-781","RR-65"
"29 3701-00-756","RR-65"
"29 3702-75-*-2","RR-65"
"29 3702-00-785","RR-65"
"29 3702-00-793","RR-65"
"29 3701-00-585","RR-65"
"29 3701-00-831","RR-65"
"29 3701-00-783","RR-65"
"29 3701-00-850","RR-65"
"29 3701-00-784","RR-65"
"29 3701-00-766","RR-65"
"29 3701-00-562","RR-65"
"29 3701-00-559","RR-65"
"29 3805-50-*-8","RS-21"
"29 3701-00-530","RR-65"
"29 3701-00-512","RR-65"
"29 3702-00-576","RR-65"
"29 3702-00-580","RR-65"
"29 3806-00-758","INS"
"29 3702-00-563","RR-65"
"29 3702-00-532","RR-65"
"29 3702-00-586","RR-65"
"29 3702-75-*-17","RR-65"
"29 3702-75-*-26","RR-65"
"29 3702-75-*-12","RR-65"
"29 3702-75-*-3","RR-65"
"29 3701-00-764","RR-65"
"29 3701-00-837","RR-65"
"29 3701-00-858","RR-65"
"29 3701-00-788","RR-65"
"29 3701-00-817","RR-65"
"29 3702-00-783","RR-65"
"29 3702-00-792","RR-65"
"29 3702-00-790","RR-65"
"29 3805-50-*-10","RS-21"
"29 3701-00-573","RR-65"
"29 3702-00-521","RR-65"
"29 3701-00-513","RR-65"
"29 3701-00-799","RR-65"
"29 3701-00-863","RR-65"
"29 3702-00-539","RR-65"
"29 3701-00-567","RR-65"
"29 3701-00-560","RR-65"
"29 3701-00-765","RR-65"
"29 3701-00-844","RR-65"
"29 3702-00-549","RR-65"
"29 3702-00-508","RR-65"
"29 3805-50-*-9","RS-21"
"29 3701-00-789","RR-65"
"29 3702-00-534","RR-65"
"29 3702-00-530","RR-65"
"29 3703-00-506.1","RR-65"
"29 3702-75-*-25","RR-65"
"29 3701-50-*-2","RR-65"
"29 3702-75-*-18","RR-65"
"29 3702-75-*-11","RR-65"
"29 3702-75-*-4","RR-65"
"29 3701-00-572","RR-65"
"29 3701-00-538","RR-65"
"29 3701-00-821","RR-65"
"29 3702-00-817","RR-65"
"29 3702-00-814","RR-65"
"29 3701-00-851","RR-65"
"29 3701-00-763","RR-65"
"29 3701-00-523","RR-65"
"29 3701-00-584","RR-65"
"29 3702-00-781","RR-65"
"29 3702-00-791","RR-65"
"29 3702-00-585","RR-65"
"29 3702-00-589","RR-65"
"29 3701-00-811","RR-65"
"29 3701-00-818","RR-65"
"29 3701-00-580","RR-65"
"29 3701-00-552","RR-65"
"29 3806-00-502","INS"
"29 3702-75-*-24","RR-65"
"29 3702-75-*-19","RR-65"
"29 3702-75-*-5","RR-65"
"29 3702-00-526","RR-65"
"29 3701-00-504.2","RR-65"
"29 3701-50-*-3","RR-65"
"29 3701-00-800","RR-65"
"29 3701-00-544","RR-65"
"29 3701-00-582","RR-65"
"29 3702-00-808","RR-65"
"29 3701-00-853","RR-65"
"29 3701-00-820","RR-65"
"29 3702-00-518","RR-65"
"29 3702-00-504","RR-65"
"29 3701-00-762","RR-65"
"29 3701-00-866","RR-65"
"29 3701-00-581","RR-65"
"29 3701-00-556","RR-65"
"29 3702-00-584","RR-65"
"29 3701-00-586","RR-65"
"29 3702-75-*-23","RR-65"
"29 3702-75-*-20","RR-65"
"29 3702-75-*-9","RR-65"
"29 3701-00-857","RR-65"
"29 3806-00-501","INS"
"29 3702-75-*-6","RR-65"
"29 3701-00-812","RR-65"
"29 3702-00-543","RR-65"
"29 3702-00-541","RR-65"
"29 3702-00-566","RR-65"
"29 3702-00-525","RR-65"
"29 3702-00-590","RR-65"
"29 3701-00-521","RR-65"
"29 3701-00-785","RR-65"
"29 3702-00-809","RR-65"
"29 3702-00-795","RR-65"
"29 3701-00-859","RR-65"
"29 3701-00-802","RR-65"
"29 3702-00-765","RR-65"
"29 3702-00-822","RR-65"
"29 3701-00-772","RR-65"
"29 3701-00-810","RR-65"
"29 3701-00-815","RR-65"
"29 3701-00-808","RR-65"
"29 3701-50-*-4","RR-65"
"29 3701-00-537","RR-65"
"29 3701-00-522","RR-65"
"29 3701-00-539","RR-65"
"29 3702-75-*-21","RR-65"
"29 3702-75-*-8","RR-65"
"29 3702-75-*-7","RR-65"
"29 3702-00-573","RR-65"
"29 3702-00-524","RR-65"
"29 3702-00-516","RR-65"
"29 3702-00-505","RR-65"
"29 3701-00-807","RR-65"
"29 3702-00-583","RR-65"
"29 3702-00-540","RR-65"
"29 3703-01-*-7","RR-65"
"29 3701-00-838","RR-65"
"29 3701-00-780","RR-65"
"29 3702-00-797","RR-65"
"29 3703-00-754","RR-65"
"29 3703-00-756","RR-65"
"29 3702-00-756","RR-65"
"29 3702-00-801","RR-65"
"29 3701-00-535","RR-65"
"29 3701-00-570","RR-65"
"29 3701-00-806","RR-65"
"29 3701-00-841","RR-65"
"29 3701-00-855","RR-65"
"29 3701-00-759","RR-65"
"29 3702-00-771","RR-65"
"29 3702-00-770","RR-65"
"29 3702-00-523","RR-65"
"29 3701-00-797","RR-65"
"29 3702-00-537","RR-65"
"29 3702-00-569","RR-65"
"29 3702-00-568","RR-65"
"29 3701-00-832","RR-65"
"29 3703-00-780","RR-65"
"29 3701-00-536","RR-65"
"29 3703-00-783","RR-65"
"29 3701-00-776","RR-65"
"29 3701-00-862","RR-65"
"29 3702-00-786","RR-65"
"29 3702-00-805","RR-65"
"29 3702-00-777","RR-65"
"29 3702-00-794","RR-65"
"29 3703-00-770","RR-65"
"29 3701-00-845","RR-65"
"29 3701-00-782","RR-65"
"29 3701-00-825","RR-65"
"29 3701-00-803","RR-65"
"29 3702-00-547","RR-65"
"29 3702-00-511","RR-65"
"29 3702-00-810","RR-65"
"29 3702-00-773","RR-65"
"29 3702-00-546","RR-65"
"29 3702-00-501","RR-65"
"29 3702-00-561","RR-65"
"29 3703-00-764","RR-65"
"29 3703-00-751","RR-65"
"29 3701-00-795","RR-65"
"29 3701-00-833","RR-65"
"29 3701-00-805","RR-65"
"29 3702-00-800","RR-65"
"29 3702-00-782","RR-65"
"29 3701-00-824","RR-65"
"29 3702-00-824","RR-65"
"29 3702-00-821","RR-65"
"29 3701-00-533","RR-65"
"29 3703-00-767","RR-65"
"29 3701-00-565","RR-65"
"29 3702-00-825","RR-65"
"29 3703-00-777","RR-65"
"29 3702-00-767","RR-65"
"29 3701-00-843","RR-65"
"29 3701-00-823","RR-65"
"29 3701-00-775","RR-65"
"29 3701-00-865","RR-65"
"29 3701-00-527","RR-65"
"29 3702-00-578","RR-65"
"29 3702-00-554","RR-65"
"29 3702-00-582","RR-65"
"29 3702-00-560","RR-65"
"29 3702-00-529","RR-65"
"29 3702-00-553","RR-65"
"29 3701-00-564","RR-65"
"29 3703-00-769","RR-65"
"29 3701-00-773","RR-65"
"29 3701-00-860","RR-65"
"29 3701-00-767","RR-65"
"29 3702-00-799","RR-65"
"29 3702-00-813","RR-65"
"29 3702-00-515","RR-65"
"29 3701-00-509","RR-65"
"29 3703-01-*-6","RR-65"
"29 3701-00-576","RR-65"
"29 3703-00-774","RR-65"
"29 3703-00-779","RR-65"
"29 3701-00-791","RR-65"
"29 3701-00-828","RR-65"
"29 3701-00-829","RR-65"
"29 3701-00-861","RR-65"
"29 3701-00-804","RR-65"
"29 3701-00-583","RR-65"
"29 3701-00-534","RR-65"
"29 3702-00-803","RR-65"
"29 3702-00-787","RR-65"
"29 3702-00-577","RR-65"
"29 3702-00-579","RR-65"
"29 3702-00-528","RR-65"
"29 3702-00-527","RR-65"
"29 3702-00-571","RR-65"
"29 3703-00-759","RR-65"
"29 3701-00-822","RR-65"
"29 3701-00-856","RR-65"
"29 3701-00-792","RR-65"
"29 3701-00-819","RR-65"
"29 3701-00-849","RR-65"
"29 3701-00-561","RR-65"
"29 3701-00-575","RR-65"
"29 3701-00-520","RR-65"
"29 3702-00-772","RR-65"
"29 3701-00-827","RR-65"
"29 3701-00-798","RR-65"
"29 3702-00-827","RR-65"
"29 3701-00-793","RR-65"
"29 3702-00-764","RR-65"
"29 3702-00-828","RR-65"
"29 3701-00-770","RR-65"
"29 3702-00-806","RR-65"
"29 3701-00-842","RR-65"
"29 3702-00-807","RR-65"
"29 3702-00-760","RR-65"
"29 3702-00-763","RR-65"
"29 3702-00-575","RR-65"
"29 3702-00-570","RR-65"
"29 3701-00-771","RR-65"
"29 3702-00-542","RR-65"
"29 3702-00-550","RR-65"
"29 3702-00-559","RR-65"
"29 3701-00-558","RR-65"
"29 3703-00-776","RR-65"
"29 3703-00-775","RR-65"
"29 3701-00-754","RR-65"
"29 3701-00-801","RR-65"
"29 3701-00-554","RR-65"
"29 3701-00-549","RR-65"
"29 3701-00-540","RR-65"
"29 3702-00-819","RR-65"
"29 3701-00-826","RR-65"
"29 3701-00-809","RR-65"
"29 3702-00-533","RR-65"
"29 3701-00-814","RR-65"
"28 3735-25-*-8","RS-10"
"29 3701-00-839","RR-65"
"28 3735-25-*-17","RS-10"
"29 3701-00-786","RR-65"
"28 3736-00-251","INS"
"29 3701-00-836","RR-65"
"28 3735-00-3","INS"
"29 3701-00-553","RR-65"
"29 3701-00-555","RR-65"
"29 3701-00-546","RR-65"
"29 3702-00-815","RR-65"
"29 3702-00-784","RR-65"
"29 3702-00-816","RR-65"
"29 3702-00-776","RR-65"
"29 3702-00-751","RR-65"
"29 3702-00-796","RR-65"
"29 3702-00-820","RR-65"
"29 3702-00-754","RR-65"
"29 3702-00-519","RR-65"
"29 3702-00-513","RR-65"
"29 3702-00-520","RR-65"
"29 3702-00-522","RR-65"
"29 3702-00-593","RR-65"
"29 3702-00-509","RR-65"
"29 3702-00-510","RR-65"
"29 3703-00-766","RR-65"
"29 3703-00-765","RR-65"
"29 3703-01-*-6.01","RR-65"
"29 3703-00-757.1","RR-65"
"29 3703-00-758","RR-65"
"29 3703-00-763","RR-65"
"29 3703-00-771","RR-65"
"29 3703-00-773","RR-65"
"29 3805-00-251","RM-6"
"29 3701-00-59","RR-65"
"29 3701-00-56","RR-65"
"29 3701-00-60","RR-65"
"29 3701-00-26","RR-65"
"29 3701-00-271","RR-65"
"29 3701-00-266","RR-65"
"29 3701-00-278","RR-65"
"29 3806-UU-*-50","RR-65"
"29 3701-00-298","RR-65"
"29 3701-00-63","RR-65"
"29 3702-25-*-13","RR-65"
"29 3806-UU-*-49","RR-65"
"29 3806-UU-*-51","RR-65"
"29 3701-00-45","RR-65"
"29 3701-00-44","RR-65"
"29 3701-00-62","RR-65"
"29 3703-00-33","RR-65"
"29 3701-00-33","RR-65"
"29 3701-00-3","RR-65"
"29 3701-00-263","RR-65"
"29 3701-00-265","RR-65"
"29 3701-00-32","RR-65"
"29 3701-00-267","RR-65"
"29 3702-00-8","RR-65"
"29 3701-00-297","RR-65"
"29 3701-00-37","RR-65"
"29 3702-00-13","RR-65"
"29 3702-00-260","RR-65"
"29 3702-00-26","RR-65"
"29 3702-00-260.1","RR-65"
"29 3702-00-260.2","RR-65"
"29 3702-00-12","RR-65"
"29 3702-00-260.3","RR-65"
"29 3702-00-260.4","RR-65"
"29 3702-00-11","RR-65"
"29 3702-00-18","RR-65"
"29 3702-00-259","RR-65"
"29 3702-00-275","RR-65"
"29 3702-00-263","RR-65"
"29 3703-00-26","RR-65"
"29 3703-00-12","RR-65"
"29 3703-00-28","RR-65"
"29 3703-01-*-5.01","RR-65"
"29 3703-01-*-5.02","RR-65"
"29 3702-25-*-12","RR-65"
"29 3702-00-61","RR-65"
"29 3701-00-294","RR-65"
"29 3703-00-14","RR-65"
"29 3701-00-262","RR-65"
"29 3701-00-43","RR-65"
"29 3701-00-61","RR-65"
"29 3701-00-61.1","INS"
"29 3701-00-281","RR-65"
"29 3701-00-264","RR-65"
"29 3806-UU-*-52","RR-65"
"29 3703-00-10","RR-65"
"29 3703-00-5","RR-65"
"29 3806-03-A-5","R/LC"
"29 3702-25-*-14","RR-65"
"29 3702-00-262","RR-65"
"29 3702-00-45","RR-65"
"29 3702-00-33","RR-65"
"29 3806-UU-*-48","RR-65"
"29 3701-00-274","RR-65"
"29 3702-00-48","RR-65"
"29 3702-00-77","RR-65"
"29 3702-00-276","RR-65"
"29 3702-25-*-11","RR-65"
"29 3702-00-292","RR-65"
"29 3701-00-296","RR-65"
"29 3703-00-23","RR-65"
"29 3701-00-54","RR-65"
"29 3702-00-55","RR-65"
"29 3703-04-*-2","RR-65"
"29 3701-00-46","RR-65"
"29 3701-00-39","RR-65"
"29 3701-00-31","RR-65"
"29 3703-00-25","RR-65"
"29 3702-01-*-1","RR-65"
"29 3703-00-6","RR-65"
"29 3701-00-283","RR-65"
"29 3702-00-257","RR-65"
"29 3701-00-273","RR-65"
"29 3702-00-264","RR-65"
"29 3702-25-*-10","RR-65"
"29 3806-UU-*-53","RR-65"
"29 3806-03-B-41","RM-6"
"29 3702-00-39","RR-65"
"29 3702-00-78","RR-65"
"29 3702-00-278","RR-65"
"29 3702-00-286","RR-65"
"29 3806-UU-*-47","RR-65"
"29 3703-00-9","RR-65"
"29 3703-00-22","RR-65"
"29 3806-UU-P.2","RR-65"
"29 3702-00-74","RR-65"
"29 3701-00-258","RR-65"
"29 3702-00-10","RR-65"
"29 3703-04-*-1","RR-65"
"29 3702-25-*-9","RR-65"
"29 3703-00-7","RR-65"
"29 3806-UU-*-54","RR-65"
"29 3806-03-C-20","RM-6"
"29 3701-00-270","RR-65"
"29 3701-00-288","RR-65"
"29 3806-03-C-18","RM-6"
"29 3703-00-32","RR-65"
"29 3701-00-269","RR-65"
"29 3701-00-272","RR-65"
"29 3702-00-256.1","RR-65"
"29 3701-00-69","RR-65"
"29 3702-00-21","RR-65"
"29 3702-00-65","RR-65"
"29 3701-00-22","RR-65"
"29 3701-00-4","RR-65"
"29 3702-00-282","RR-65"
"29 3702-00-267","RR-65"
"29 3806-UU-*-46","RR-65"
"29 3702-00-81","RR-65"
"29 3701-00-293","RR-65"
"29 3702-00-82","RR-65"
"29 3703-00-11","RR-65"
"29 3702-25-*-8","RR-65"
"29 3806-UU-*-55","RR-65"
"29 3806-03-C-37","RM-6"
"29 3702-00-261","RR-65"
"29 3703-05-*-4","RR-65"
"29 3806-03-C-5","R/LC"
"29 3806-UU-*-30","RR-65"
"29 3702-00-63","RR-65"
"29 3702-00-86","RR-65"
"29 3805-00-19","CP"
"29 3701-00-284","RR-65"
"29 3701-00-261","RR-65"
"29 3701-00-52","RR-65"
"29 3701-00-292","RR-65"
"29 3806-03-D-16","RM-6"
"29 3703-00-19","RR-65"
"29 3806-UU-*-45","RR-65"
"29 3702-00-40","RR-65"
"29 3806-03-D-11","RM-6"
"29 3702-00-50","RR-65"
"29 3702-25-*-7","RR-65"
"29 3702-00-87","RR-65"
"29 3702-00-256","RR-65"
"29 3806-UU-*-56","RR-65"
"29 3806-00-8.1","RS-21"
"29 3703-00-27","RR-65"
"29 3806-03-D-7","R/LC"
"29 3806-UU-*-31","RR-65"
"29 3703-05-*-3","RR-65"
"29 3701-00-5","RR-65"
"29 3701-00-34","RR-65"
"29 3701-00-25","RR-65"
"29 3701-00-27","RR-65"
"29 3701-00-70","RR-65"
"29 3701-00-285","RR-65"
"29 3701-00-268","RR-65"
"29 3701-00-260","RR-65"
"29 3701-00-280","RR-65"
"29 3701-00-287","RR-65"
"29 3702-25-*-6","RR-65"
"29 3701-00-291","RR-65"
"29 3701-00-282","RR-65"
"29 3702-00-19","RR-65"
"29 3702-00-34","RR-65"
"29 3702-00-46","RR-65"
"29 3806-UU-*-44","RR-65"
"29 3702-00-22","RR-65"
"29 3702-00-83","RR-65"
"29 3806-UU-*-57","RR-65"
"29 3702-00-273","RR-65"
"29 3702-00-265","RR-65"
"29 3702-00-268","RR-65"
"29 3702-00-266","RR-65"
"29 3702-00-283","RR-65"
"29 3806-UU-*-32","RR-65"
"29 3703-00-4","RR-65"
"29 3703-00-13","RR-65"
"29 3703-00-18","RR-65"
"29 3703-00-35","RR-65"
"29 3703-00-31","RR-65"
"29 3806-UU-*-23","RR-65"
"29 3703-05-*-2","RR-65"
"29 3701-00-1.3","RR-65"
"29 3701-00-30","RR-65"
"29 3702-25-*-5","RR-65"
"29 3702-00-58","RR-65"
"29 3806-UU-*-58","RR-65"
"29 3806-UU-*-43","RR-65"
"29 3702-00-76","RR-65"
"29 3806-UU-*-33","RR-65"
"29 3702-00-32","RR-65"
"29 3702-00-28","RR-65"
"29 3702-00-279","RR-65"
"29 3806-UU-L.2","RR-65"
"29 3806-UU-GW.1","INS"
"29 3702-00-49","RR-65"
"29 3806-UU-*-22","RR-65"
"29 3701-00-67","RR-65"
"29 3806-UU-*-29","RR-65"
"29 3703-05-*-1","RR-65"
"29 3701-00-19","RR-65"
"29 3701-00-41","RR-65"
"29 3701-00-65","RR-65"
"29 3702-25-*-4","RR-65"
"29 3702-00-15","RR-65"
"29 3702-00-29","RR-65"
"29 3806-00-250","RR-65"
"29 3806-UU-D.1","RR-65"
"29 3806-UU-D.5","RR-65"
"29 3806-UU-L.1","RR-65"
"29 3806-UU-*-34","RR-65"
"29 3702-00-52","RR-65"
"29 3702-00-53","RR-65"
"29 3806-UU-*-21","RR-65"
"29 3702-00-79","RR-65"
"29 3806-UU-*-42","RR-65"
"29 3702-00-68","RR-65"
"29 3702-00-67","RR-65"
"29 3702-00-270","RR-65"
"29 3701-00-290","RR-65"
"29 3702-00-269","RR-65"
"29 3806-UU-*-28","RR-65"
"29 3701-00-29","RR-65"
"29 3701-00-20","RR-65"
"29 3701-00-18","RR-65"
"29 3701-00-42","RR-65"
"29 3702-25-*-3","RR-65"
"29 3806-UU-D.2","RR-65"
"29 3806-UU-*-35","RR-65"
"29 3806-UU-*-1","RR-65"
"29 3806-UU-*-20","RR-65"
"29 3806-UU-*-27","RR-65"
"29 3806-UU-D.3","RR-65"
"29 3702-00-51","RR-65"
"29 3703-03-*-1","RR-65"
"29 3702-00-30","RR-65"
"29 3702-00-4","RR-65"
"29 3702-00-59","RR-65"
"29 3701-00-21","RR-65"
"29 3702-00-280","RR-65"
"29 3702-00-281","RR-65"
"29 3806-UU-*-36","RR-65"
"29 3701-00-35","RR-65"
"29 3806-UU-P.1","RR-65"
"29 3702-25-*-2","RR-65"
"29 3806-00-18","R/LC"
"29 3701-00-299","RR-65"
"29 3806-UU-*-26","RR-65"
"29 3701-00-257","RR-65"
"29 3702-00-3","RR-65"
"29 3702-00-16","RR-65"
"29 3701-00-17","RR-65"
"29 3703-03-*-1.01","INS"
"29 3806-UU-*-2","RR-65"
"29 3702-00-73","RR-65"
"29 3702-00-75","RR-65"
"29 3806-UU-*-24","RR-65"
"29 3702-25-*-1","RR-65"
"29 3702-00-24","RR-65"
"29 3702-00-27","RR-65"
"29 3702-00-80","RR-65"
"29 3702-00-277","RR-65"
"29 3702-00-271","RR-65"
"29 3702-00-297","OI"
"29 3702-00-17","R/LC"
"29 3702-00-37","R/LC"
"29 3702-00-36","R/LC"
"29 3702-00-71","R/LC"
"29 3702-00-56","R/LC"
"29 3702-00-84","R/LC"
"29 3702-00-290","R/LC"
"29 3702-00-274","R/LC"
"29 3806-02-B-5","RM-6"
"29 3702-00-294","OI"
"29 3806-02-B-1","RM-6"
"29 3806-UU-*-17","RR-65"
"29 3806-UU-*-16","RR-65"
"29 3806-UU-P.5","RR-65"
"29 3806-UU-*-15","RR-65"
"29 3806-UU-GW.2","INS"
"29 3701-00-2","RR-65"
"29 3701-00-64","RR-65"
"29 3701-00-254","R/LC"
"29 3701-00-251","INS"
"29 3701-00-253","R/LC"
"29 3701-00-252","R/LC"
"29 3701-00-255","R/LC"
"29 3701-00-256","R/LC"
"29 3702-00-72","INS"
"29 3702-00-25","R/LC"
"29 3702-00-2","R/LC"
"29 3702-00-3.1","R/LC"
"29 3702-00-41","R/LC"
"29 3702-00-43","R/LC"
"29 3702-00-88","R/LC"
"29 3702-00-42","R/LC"
"29 3702-00-47","R/LC"
"29 3702-00-287","R/LC"
"29 3702-00-251","R/LC"
"29 3702-00-254","R/LC"
"29 3702-00-253","RR-65"
"29 3702-00-295","OI"
"29 3703-02-*-1.01","OI"
"29 3703-02-*-1","OI"
"29 3703-02-*-1.02","OI"
"29 3703-01-*-2.01","OI"
"28 3736-50-B-33","R/LC"
"28 3736-51-2-1","R/LC"
"28 3736-51-2-3","R/LC"
"28 3736-51-2-4","R/LC"
"28 3736-51-1-2","R/LC"
"28 3736-51-1-3","R/LC"
"28 3736-00-765","CG"
"28 3736-51-2-6","RS-15"
"28 3736-51-2-5","RS-15"
"28 3735-00-755","R/LC"
"28 3736-50-A-14","R/LC"
"28 3734-00-763","OI"
"28 3736-50-B-34","OI"
"28 3736-51-2-10","RS-15"
"28 3736-00-763.2","CG"
"28 3735-75-*-15","RR-65"
"28 3735-75-*-46","RR-65"
"28 3735-75-*-47","RR-65"
"28 3735-75-*-48","RR-65"
"28 3736-00-763.1","CG"
"28 3736-00-766","CG"
"28 3736-51-2-13","RS-15"
"28 3736-51-1-5","RS-15"
"28 3736-51-1-13","RS-15"
"28 3735-75-*-66","RR-65"
"28 3735-00-758","RR-65"
"28 3736-00-764","CG"
"28 3735-00-504","OI"
"28 3736-51-1-18","RS-15"
"28 3735-75-*-14","RR-65"
"28 3736-00-761","CG"
"28 3736-51-1-22","RS-15"
"28 3736-51-1-17","RS-15"
"28 3736-00-768","CG"
"28 3735-75-*-70","RR-65"
"28 3735-00-759","RR-65"
"28 3736-51-2-27","RS-15"
"28 3736-51-2-17","RS-15"
"28 3735-75-*-52","RR-65"
"28 3736-00-769","CG"
"28 3736-51-1-25","RS-15"
"28 3735-75-*-12","RR-65"
"28 3735-75-*-42","RR-65"
"28 3735-75-*-40","RR-65"
"28 3735-75-*-71","RR-65"
"28 3735-75-*-64","RR-65"
"28 3736-51-2-31","RS-15"
"28 3736-51-2-32","RS-15"
"28 3736-00-758","R/LC"
"28 3736-51-2-35","RS-15"
"28 3735-75-*-11","RR-65"
"28 3736-00-770","CG"
"28 3736-51-1-37","RS-15"
"28 3735-25-*-9","RS-10"
"28 3735-25-*-10","RS-10"
"28 3735-25-*-11","RS-10"
"28 3735-25-*-12","RS-10"
"28 3735-25-*-13","RS-10"
"28 3735-25-*-14","RS-10"
"28 3735-25-*-15","RS-10"
"28 3735-25-*-16","RS-10"
"28 3735-25-A","INS"
"29 3711-00-545","RR-65"
"29 3711-00-512","RR-65"
"29 3711-00-503.3","RR-65"
"29 3710-00-750","RR-65"
"29 3808-00-264","RS-21"
"29 3710-00-556","CL"
"29 3710-00-560","CL"
"29 3710-00-501","RR-65"
"29 3710-00-510","CL"
"29 3710-00-544","RR-65"
"29 3710-00-535","RR-65"
"29 3710-00-514","R/LC"
"29 3712-00-14","RR-65"
"29 3712-00-20","RR-65"
"29 3712-00-98","RR-65"
"29 3712-00-12","RR-65"
"29 3712-00-24","RR-65"
"29 3712-00-44","RR-65"
"29 3712-00-277","RR-65"
"29 3712-00-304","RR-65"
"29 3712-00-320","RR-65"
"29 3712-00-329","RR-65"
"29 3712-00-295","RR-65"
"29 3712-00-291","RR-65"
"29 3711-00-20","RR-65"
"29 3711-00-52","RR-65"
"29 3711-00-278","RR-65"
"29 3711-00-332","RR-65"
"29 3711-00-325","RR-65"
"29 3711-00-318","RR-65"
"29 3711-00-288","RR-65"
"29 3711-00-287","RR-65"
"29 3711-00-269","RR-65"
"29 3710-00-297","RR-65"
"29 3710-00-261","CL"
"29 3712-00-268","RR-65"
"29 3710-00-310","OI"
"29 3710-00-299","OI"
"29 3712-00-19","RR-65"
"29 3712-00-57","RR-65"
"29 3712-00-16","RR-65"
"29 3712-00-72","RR-65"
"29 3712-00-95","RR-65"
"29 3712-00-49","RR-65"
"29 3712-00-53","RR-65"
"29 3712-00-305","RR-65"
"29 3710-00-30","RR-65"
"29 3712-00-276","RR-65"
"29 3710-00-62","RR-65"
"29 3712-00-279","RR-65"
"29 3712-00-334","RR-65"
"29 3710-00-46","RR-65"
"29 3712-00-311","RR-65"
"29 3710-00-9","RR-65"
"29 3710-00-82","RR-65"
"29 3710-00-74","RR-65"
"29 3710-00-92","RR-65"
"29 3710-00-32","RR-65"
"29 3710-00-69","RR-65"
"29 3710-00-70","RR-65"
"29 3711-00-58","RR-65"
"29 3710-00-65","RR-65"
"29 3711-00-21","RR-65"
"29 3710-00-66","RR-65"
"29 3710-00-283","OI"
"29 3711-00-280","RR-65"
"29 3711-00-330","RR-65"
"29 3711-00-317","RR-65"
"29 3711-00-270","RR-65"
"29 3711-00-300","RR-65"
"29 3710-00-272","RR-65"
"29 3710-00-267","CL"
"29 3710-00-308","CL"
"29 3710-00-317","OI"
"29 3712-00-22","RR-65"
"29 3710-00-278","OI"
"29 3712-00-68","RR-65"
"29 3710-00-266","OI"
"29 3712-00-63","RR-65"
"29 3712-00-66","RR-65"
"29 3712-00-77","RR-65"
"29 3712-00-91","RR-65"
"29 3712-00-275","RR-65"
"29 3712-00-337","RR-65"
"29 3712-00-264","RR-65"
"29 3712-00-336","RR-65"
"29 3712-00-284","RR-65"
"29 3710-00-95","RR-65"
"29 3712-00-317","RR-65"
"29 3710-00-12","RR-65"
"29 3710-00-31","RR-65"
"29 3710-00-98","RR-65"
"29 3710-00-99","RR-65"
"29 3710-00-15","RR-65"
"29 3808-26-*-3","RS-21"
"29 3711-00-17","RR-65"
"29 3711-00-60","RR-65"
"29 3711-00-304","RR-65"
"29 3710-00-292","CL"
"29 3711-00-329","RR-65"
"29 3712-00-269","RR-65"
"29 3711-00-307","RR-65"
"29 3711-00-283","RR-65"
"29 3711-00-319","RR-65"
"29 3711-00-299","RR-65"
"29 3712-00-76","RR-65"
"29 3712-00-17","RR-65"
"29 3710-00-302","CL"
"29 3712-00-25","RR-65"
"29 3710-00-309","CL"
"29 3808-26-*-2","RS-21"
"29 3712-00-78","RR-65"
"29 3712-00-94","RR-65"
"29 3712-00-326","RR-65"
"29 3712-00-300","RR-65"
"29 3712-00-330","RR-65"
"29 3808-00-258.1","RS-21"
"29 3712-00-318","RR-65"
"29 3712-00-278","RR-65"
"29 3710-00-79","RR-65"
"29 3710-00-48","RR-65"
"29 3710-00-72","RR-65"
"29 3710-00-87","RR-65"
"29 3711-00-48","RR-65"
"29 3711-00-26","RR-65"
"29 3712-00-343","RR-65"
"29 3710-00-19","RR-65"
"29 3710-00-290","RR-65"
"29 3710-00-35","RR-65"
"29 3710-00-300","RR-65"
"29 3710-00-277","CL"
"29 3711-00-312","RR-65"
"29 3710-00-316","CL"
"29 3711-00-264","RR-65"
"29 3711-00-266","RR-65"
"29 3711-00-320","RR-65"
"29 3711-00-328","RR-65"
"29 3808-26-*-1","RS-21"
"29 3710-00-318","CG"
"29 3712-00-89","RR-65"
"29 3712-00-51","RR-65"
"29 3712-00-100","RR-65"
"29 3712-00-56","RR-65"
"29 3712-00-83","RR-65"
"29 3712-00-96","RR-65"
"29 3712-00-93","RR-65"
"29 3712-00-270","RR-65"
"29 3712-00-294","RR-65"
"29 3712-00-260","RR-65"
"29 3712-00-306","RR-65"
"29 3712-00-332","RR-65"
"29 3710-00-53","RR-65"
"29 3712-00-290","RR-65"
"29 3712-00-256","RR-65"
"29 3710-00-14","RR-65"
"29 3710-00-21","RR-65"
"29 3710-00-13","RR-65"
"29 3710-00-103","RR-65"
"29 3711-00-59","RR-65"
"29 3710-00-269","RR-65"
"29 3710-00-293","RR-65"
"29 3710-00-296","CL"
"29 3710-00-286","CL"
"29 3711-00-63","RR-65"
"29 3711-00-305","RR-65"
"29 3710-00-275","CG"
"29 3710-00-320","CL"
"29 3808-00-255","RS-21"
"29 3710-00-284","CG"
"29 3712-00-102","RR-65"
"29 3712-00-267","RR-65"
"29 3712-00-88","RR-65"
"29 3712-00-18","RR-65"
"29 3712-00-13","RR-65"
"29 3712-00-50","RR-65"
"29 3712-00-92","RR-65"
"29 3712-00-325","RR-65"
"29 3712-00-335","RR-65"
"29 3710-00-24","RR-65"
"29 3712-00-339","RR-65"
"29 3712-00-313","RR-65"
"29 3710-00-47","RR-65"
"29 3710-00-49","RR-65"
"29 3710-00-83","RR-65"
"29 3711-00-6","RR-65"
"29 3710-00-73","RR-65"
"29 3710-00-28","RR-65"
"29 3711-00-49","RR-65"
"29 3711-00-15","RR-65"
"29 3710-00-55","RR-65"
"29 3710-00-106","RR-65"
"29 3710-00-259","RR-65"
"29 3710-00-288","RR-65"
"29 3710-00-291","CL"
"29 3711-00-273","RR-65"
"29 3710-00-319","CL"
"29 3710-00-314","CG"
"29 3807-00-2","INS"
"29 3712-00-39","RR-65"
"29 3712-00-293","RR-65"
"29 3808-25-*-26","RS-21"
"29 3712-00-271","RR-65"
"29 3712-00-266","RR-65"
"29 3808-25-*-25","RS-21"
"29 3808-25-*-A","CP"
"29 3711-00-5","RR-65"
"29 3711-00-268","RR-65"
"29 3710-00-37","RR-65"
"29 3710-00-94","RR-65"
"29 3710-00-109","RR-65"
"29 3712-00-15","RR-65"
"29 3712-00-101","RR-65"
"29 3710-00-112","RR-65"
"29 3710-00-25","RR-65"
"29 3710-00-5","RR-65"
"29 3712-00-99","RR-65"
"29 3712-00-82","RR-65"
"29 3712-00-27","RR-65"
"29 3710-00-289","RR-65"
"29 3710-00-262","CL"
"29 3712-00-302","RR-65"
"29 3710-00-273","RR-65"
"29 3712-00-298","RR-65"
"29 3710-00-311","CL"
"29 3710-00-258","RR-65"
"29 3710-00-263","CL"
"29 3711-00-29","RR-65"
"29 3710-00-305","CG"
"29 3711-00-18","RR-65"
"29 3710-00-276","CG"
"29 3711-00-323","RR-65"
"29 3711-00-297","RR-65"
"29 3710-00-260","CL"
"29 3808-25-*-24","RS-21"
"29 3808-25-*-13","RS-21"
"29 3808-25-*-12","RS-21"
"29 3710-00-54","RR-65"
"29 3711-00-251","RR-65"
"29 3710-00-60","RR-65"
"29 3710-00-90","RR-65"
"29 3710-00-110","RR-65"
"29 3712-00-28","RR-65"
"29 3710-00-36","RR-65"
"29 3712-00-87","RR-65"
"29 3808-00-269","RS-21"
"29 3710-00-71","RR-65"
"29 3712-00-34","RR-65"
"29 3712-00-64","RR-65"
"29 3711-00-27","RR-65"
"29 3712-00-75","RR-65"
"29 3712-00-296","RR-65"
"29 3711-00-39","RR-65"
"29 3712-00-327","RR-65"
"29 3711-00-56","RR-65"
"29 3712-00-309","RR-65"
"29 3712-00-287","RR-65"
"29 3710-00-268","CL"
"29 3710-00-271","CG"
"29 3711-00-47","RR-65"
"29 3711-00-19","RR-65"
"29 3710-00-265","CG"
"29 3711-00-294","RR-65"
"29 3711-00-321","RR-65"
"29 3711-00-316","RR-65"
"29 3711-00-261","RR-65"
"29 3808-25-*-14","RS-21"
"29 3808-25-*-15","RS-21"
"29 3808-25-*-23","RS-21"
"29 3711-00-337","RR-65"
"29 3710-00-294","CG"
"29 3710-00-42","RR-65"
"29 3710-00-52","RR-65"
"29 3710-00-26","RR-65"
"29 3710-00-111","RR-65"
"29 3710-00-20","RR-65"
"29 3712-00-9","RR-65"
"29 3712-00-59","RR-65"
"29 3710-00-64","RR-65"
"29 3712-00-32","RR-65"
"29 3712-00-97","RR-65"
"29 3712-00-90","RR-65"
"29 3712-00-73","RR-65"
"29 3712-00-321","RR-65"
"29 3712-00-301","RR-65"
"29 3710-00-312","CL"
"29 3712-00-333","RR-65"
"29 3712-00-292","RR-65"
"29 3710-00-306","CG"
"29 3711-00-38","RR-65"
"29 3711-00-51","RR-65"
"29 3710-00-321","CG"
"29 3711-00-61","RR-65"
"29 3711-00-35","RR-65"
"29 3711-00-291","RR-65"
"29 3711-00-326","RR-65"
"29 3711-00-267","RR-65"
"29 3808-25-*-22","RS-21"
"29 3712-00-2","RR-65"
"29 3712-00-37","RR-65"
"29 3710-00-41","RR-65"
"29 3710-00-89","RR-65"
"29 3808-25-*-18","RS-21"
"29 3808-25-*-17","RS-21"
"29 3808-25-*-16","RS-21"
"29 3710-00-38","RR-65"
"29 3710-00-108","RR-65"
"29 3710-00-50","RR-65"
"29 3710-00-86","RR-65"
"29 3711-00-9","RR-65"
"29 3710-00-34","RR-65"
"29 3712-00-10","RR-65"
"29 3712-00-43","RR-65"
"29 3710-00-75","RR-65"
"29 3712-00-86","RR-65"
"29 3712-00-81","RR-65"
"29 3712-00-41","RR-65"
"29 3712-00-74","RR-65"
"29 3712-00-324","RR-65"
"29 3711-00-334","RR-65"
"29 3808-00-251","INS"
"29 3712-00-331","RR-65"
"29 3712-00-274","RR-65"
"29 3712-00-272","RR-65"
"29 3710-00-253","CL"
"29 3711-00-256","RR-65"
"29 3712-00-285","RR-65"
"29 3710-00-282","CL"
"29 3712-00-303","RR-65"
"29 3710-00-313","CG"
"29 3711-00-32","RR-65"
"29 3711-00-50","RR-65"
"29 3710-00-303","CG"
"29 3711-00-37","RR-65"
"29 3711-00-57","RR-65"
"29 3711-00-314","RR-65"
"29 3711-00-315","RR-65"
"29 3808-25-*-21","RS-21"
"29 3808-25-*-19","RS-21"
"29 3808-25-*-20","RS-21"
"29 3710-00-67","RR-65"
"29 3710-00-84","RR-65"
"29 3710-00-97","RR-65"
"29 3710-00-93","RR-65"
"29 3710-00-100","RR-65"
"29 3710-00-102","RR-65"
"29 3710-00-76","RR-65"
"29 3710-00-51","RR-65"
"29 3712-00-52","RR-65"
"29 3712-00-33","RR-65"
"29 3712-00-61","RR-65"
"29 3712-00-21","RR-65"
"29 3712-00-71","RR-65"
"29 3712-00-65","RR-65"
"29 3712-00-308","RR-65"
"29 3712-00-280","RR-65"
"29 3712-00-286","RR-65"
"29 3712-00-263","RR-65"
"29 3711-00-335","RR-65"
"29 3712-00-282","RR-65"
"29 3712-00-283","RR-65"
"29 3710-00-281","CG"
"29 3710-00-301","CG"
"29 3711-00-46","RR-65"
"29 3711-00-28","RR-65"
"29 3711-00-275","RR-65"
"29 3711-00-296","RR-65"
"29 3711-00-295","RR-65"
"29 3711-00-10","RR-65"
"29 3711-00-265","RR-65"
"29 3710-00-17","RR-65"
"29 3710-00-85","RR-65"
"29 3710-00-43","RR-65"
"29 3710-00-88","RR-65"
"29 3710-00-29","RR-65"
"29 3710-00-78","RR-65"
"29 3710-00-78.1","RR-65"
"29 3808-00-251.1","IND"
"28 3736-51-1-1","R/LC"
"28 3735-75-*-68","RR-65"
"28 3736-00-755","CG"
"28 3735-75-*-67","RR-65"
"28 3736-00-503","INS"
"28 3736-00-502","R/LC"
"28 3736-00-763","CG"
"28 3831-00-766","CP"
"28 3736-51-2-9","RS-15"
"28 3831-00-760.1","CP"
"28 3735-75-*-45","RR-65"
"28 3735-75-*-49","RR-65"
"28 3735-75-*-44","RR-65"
"28 3735-75-*-50","RR-65"
"28 3735-75-*-69","RR-65"
"28 3736-00-767","CG"
"28 3735-75-*-51","RR-65"
"28 3735-75-*-41","RR-65"
"28 3736-51-2-14","RS-15"
"28 3735-75-*-13","RR-65"
"28 3831-54-B-53.01","R/LC"
"28 3831-00-502","RR-65"
"28 3831-00-764","CG"
"28 3735-75-*-43","RR-65"
"28 3736-00-759","R/LC"
"28 3736-00-757","R/LC"
"28 3735-75-*-39","RR-65"
"28 3735-75-*-53","RR-65"
"28 3735-75-*-63","RR-65"
"28 3736-50-A-19","RS-15"
"28 3735-75-RW1.A","RR-65"
"28 3831-54-B-1","R/LC"
"28 3735-75-*-72","RR-65"
"28 3735-75-*-62","RR-65"
"28 3736-00-762","CG"
"28 3736-50-A-1","RS-15"
"28 3736-50-B-1","RS-15"
"28 3831-76-*-14","R-MH"
"28 3831-76-*-13","R-MH"
"28 3831-54-B-1.02","R/LC"
"28 3736-00-754","INS"
"28 3831-76-*-15","R-MH"
"28 3831-76-*-12","R-MH"
"28 3736-00-510","INS"
"28 3831-00-769","CP"
"28 3735-75-*-54","RR-65"
"28 3735-75-*-74","RR-65"
"28 3735-75-*-73","RR-65"
"28 3831-76-*-11","R-MH"
"28 3735-75-*-36","RR-65"
"28 3831-76-*-17","R-MH"
"28 3831-54-B-3","R/LC"
"28 3831-00-753.1","INS"
"28 3831-76-*-27","R-MH"
"28 3831-76-*-18","R-MH"
"28 3735-75-*-37","RR-65"
"28 3831-76-*-19","R-MH"
"28 3831-00-754","CP"
"28 3831-54-B-4","R/LC"
"28 3831-76-*-28","R-MH"
"28 3831-76-*-26","R-MH"
"28 3831-76-*-20","R-MH"
"28 3831-76-*-9","R-MH"
"28 3831-76-*-21","R-MH"
"28 3735-75-*-55","RR-65"
"28 3831-76-*-21.01","R-MH"
"28 3831-76-*-22","R-MH"
"28 3831-76-*-23.01","R-MH"
"28 3831-76-*-24","R-MH"
"28 3831-76-*-25","R-MH"
"28 3831-76-*-8","R-MH"
"28 3831-00-752","CP"
"28 3735-75-*-56","RR-65"
"28 3831-76-*-1.02","R-MH"
"28 3735-75-*-21","RR-65"
"28 3735-75-*-22","RR-65"
"28 3831-54-4-1","R/LC"
"28 3831-54-B-4.02","OI"
"28 3831-00-763","CP"
"28 3831-76-*-1.01","R-MH"
"28 3831-76-*-2","R-MH"
"28 3831-76-*-3","R-MH"
"28 3831-76-*-5","R-MH"
"28 3831-76-*-6","R-MH"
"28 3831-76-*-7","R-MH"
"28 3735-75-*-34","RR-65"
"28 3735-75-*-57","RR-65"
"28 3831-54-2-2","R/LC"
"28 3735-75-*-35","RR-65"
"28 3831-54-B-7","CG"
"28 3831-50-A-8.01","R/LC"
"28 3831-54-2-1.01","R/LC"
"28 3735-75-*-6","RR-65"
"28 3831-51-A-5","CG"
"28 3831-54-B-10","CG"
"28 3831-54-C-27","CG"
"28 3735-75-*-58","RR-65"
"28 3735-75-*-23","RR-65"
"28 3831-54-3-7","RS-10"
"28 3735-75-*-33","RR-65"
"28 3831-51-A-4","CG"
"28 3736-00-505","RR-65"
"28 3736-00-511","RR-65"
"28 3831-54-B-14","CG"
"28 3736-25-B.1","RS-21"
"28 3735-75-*-20","RR-65"
"28 3831-54-2-5","R/LC"
"28 3735-75-*-25","RR-65"
"28 3831-54-C-15","R/LC"
"28 3735-75-*-32","RR-65"
"28 3831-54-C-18","R/LC"
"28 3831-54-C-20","R/LC"
"28 3735-75-*-59","RR-65"
"28 3735-75-*-19","RR-65"
"28 3735-75-*-26","RR-65"
"28 3831-50-A-10","INS"
"28 3831-54-3-11","RS-10"
"28 3831-54-D-12","CG"
"28 3735-75-*-31","RR-65"
"28 3735-75-*-18","RR-65"
"28 3735-75-*-27","RR-65"
"28 3736-00-514","RR-65"
"28 3831-54-D-4","R/LC"
"28 3831-54-3-15","RS-10"
"28 3831-54-D-6","R/LC"
"28 3735-75-*-17","RR-65"
"28 3735-75-*-28","RR-65"
"28 3831-54-3-18","RS-10"
"28 3735-75-RW1","RR-65"
"28 3831-54-1-12","RS-10"
"28 3831-54-2-8","RS-10"
"28 3735-75-*-16","RR-65"
"28 3735-75-*-29","RR-65"
"28 3735-75-*-60","RR-65"
"28 3831-00-261","R/LC"
"28 3831-26-2-8","CG"
"28 3735-00-16","RR-65"
"28 3831-00-259","R/LC"
"28 3831-00-266","CP"
"28 3736-25-*-25","RS-21"
"28 3736-25-*-39","RS-21"
"28 3735-00-18","RR-65"
"28 3736-25-*-26","RS-21"
"28 3831-26-3-21","CG"
"28 3831-26-1-3","R/LC"
"28 3736-25-*-38","RS-21"
"28 3831-26-1-7","R/LC"
"28 3736-25-*-37","RS-21"
"28 3736-25-*-36","RS-21"
"28 3736-25-A","RS-21"
"28 3736-25-*-32","RS-21"
"28 3735-01-*-1","RR-65"
"28 3831-26-8","RR-65"
"28 3736-25-*-31","RS-21"
"28 3831-26-9","CG"
"28 3736-25-*-29","RS-21"
"28 3736-25-*-30","RS-21"
"28 3736-25-*-34","RS-21"
"28 3831-25-*-8","RS-10"
"28 3831-25-*-9","RS-10"
"28 3831-25-*-10","RS-10"
"28 3831-25-*-11","RS-10"
"28 3831-25-*-20","RS-10"
"28 3831-25-*-25","RS-10"
"28 3831-25-*-19","RS-10"
"28 3831-25-*-24","RS-10"
"28 3831-25-*-21","RS-10"
"28 3831-25-*-18","RS-10"
"28 3831-25-*-22","RS-10"
"28 3831-25-*-23","RS-10"
"29 3712-00-778","RR-65"
"29 3712-00-796","RR-65"
"29 3712-00-754","RR-65"
"29 3808-00-507","RR-65"
"29 3712-00-754.2","RR-65"
"29 3712-00-538","RR-65"
"29 3712-00-753","RR-65"
"29 3712-00-502","RR-65"
"29 3808-00-504","RR-65"
"28 3735-00-15","INS"
"28 3736-00-250","INS"
"28 3736-00-253","INS"
"28 3736-00-500","INS"
"28 3736-50-A-3","R/LC"
"28 3735-00-7","INS"
"28 3735-00-500","INS"
"28 3831-54-5-2","R/LC"
"28 3831-54-4-12","RS-10"
"28 3831-75-*-21","RM-6"
"28 3831-00-272","CP"
"28 3831-25-*-1","CG"
"28 3831-00-250.4","CP"
"28 3831-00-500","RR-65"
"28 3831-00-250.2","RR-65"
"28 3831-25-*-16","RS-10"
"28 3831-00-254","RR-65"
"28 3831-00-253","R/LC"
"28 3831-00-251","CG"
"28 3831-25-*-12","RS-10"
"28 3831-25-*-13","RS-10"
"28 3831-25-*-15","RS-10"
"28 3831-00-265","RR-65"
"28 3831-25-*-16.01","RS-10"
"28 3831-54-B-3.03","RR-65"
"28 3831-26-7-1","RS-10"
"28 3831-25-*-11.01","RS-10"
"28 3736-51-2-36","RS-15"
"28 3831-26-2-11","CG"
"28 3831-26-2-9","CG"
"28 3736-51-1-33","RS-15"
"28 3736-25-E.1","RS-21"
"28 3736-25-*-20","RS-21"
"28 3736-25-*-24","RS-21"
"28 3736-25-*-41","RS-21"
"28 3736-25-*-19","RS-21"
"28 3736-25-*-42","RS-21"
"28 3736-25-*-18","RS-21"
"28 3736-25-*-43","RS-21"
"28 3736-25-*-44","RS-21"
"28 3736-25-*-17","RS-21"
"28 3736-25-*-45","RS-21"
"28 3736-25-*-46","RS-21"
"28 3736-25-B","RR-65"
"28 3736-25-*-15","RS-21"
"28 3736-25-*-1","RS-21"
"28 3736-25-*-14","RS-21"
"28 3736-25-*-2","RS-21"
"28 3736-25-*-3","RS-21"
"28 3736-25-*-13","RS-21"
"28 3736-25-*-12","RS-21"
"28 3736-25-*-11","RS-21"
"28 3736-25-*-10","RS-21"
"28 3736-25-*-9","RS-21"
"28 3736-25-*-7","RS-21"
"28 3736-25-*-6","RS-21"
"28 3736-25-*-5","RS-21"
"28 3736-25-*-4","RS-21"
"28 3736-25-D","RS-21"
"28 3736-25-*-40","RS-21"
"28 3736-25-E","RS-21"
"28 3831-26-8.3","CG"
"29 3702-00-2.1","RR-65"
"29 3712-00-595","RR-65"
"29 3712-00-594","RR-65"
"29 3712-00-596","RR-65"
"29 3712-00-597","RR-65"
"28 3831-54-*-R.01","CG"
"29 3701-00-71","RR-65"
"29 3702-00-762","RR-65"
"28 3736-00-753","R/LC"
"28 3736-00-752","INS"
"28 3736-00-750","RR-65"
"28 3736-00-8","INS"
"28 3736-00-7","INS"
"28 3736-00-6","INS"
"28 3736-00-9","INS"
"28 3736-00-10","INS"
"28 3736-00-4","INS"
"29 3712-00-754.1","RR-65"
"0","R/LC"
"28 3831-26-10.3","CP"
"28 3831-26-10.2","CP"
"28 3831-26-10.4","CP"
"28 3831-26-1-5","CP"
"28 3831-26-1-2","CP"
"28 3831-26-1-1.01","CP"
"28 3831-00-262","CP"
"28 3831-00-750","CP"
"28 3831-54-D-10","CP"
"28 3831-26-1-1","CP"
"28 3831-00-260","CP"
"28 3831-00-757","CP"
"28 3831-00-759","CP"
"28 3831-75-*-E","CP"
"28 3831-75-*-C","CP"
"28 3831-75-*-A","CP"
"28 3831-00-767","CP"
"28 3831-54-C-28.01","CG"
"28 3831-54-C-28","CG"
"28 3831-00-753","CP"
"28 3831-54-C-24","CP"
"29 3806-01-1-1","R/LC"
"29 3806-02-A-6","R/LC"
"29 3806-01-1-3","CP"
"29 3806-00-3","R/LC"
"29 3806-00-6","CP"
"29 3806-03-C-7","CP"
"29 3806-03-A-7","R/LC"
"29 3806-03-B-3","CP"
"29 3806-03-B-1","CP"
"29 3806-03-A-3","CP"
"29 3806-03-A-1","CP"
"29 3806-00-14","CP"
"29 3805-00-502","RM-6"
"29 3805-00-500","RS-21"
"29 3805-50-*-23","CP"
"29 3805-50-*-22","CP"
"29 3805-50-*-21","CP"
"29 3805-50-*-20","CP"
"29 3805-50-*-19","CP"
"29 3805-50-*-18","CP"
"29 3805-50-*-17","CP"
"29 3805-50-*-16","CP"
"29 3805-50-*-15","CP"
"29 3805-50-*-14","CP"
"29 3805-50-*-2","CP"
"29 3805-50-*-1","CP"
"29 3808-25-*-5","CP"
"29 3808-25-*-6","CP"
"29 3808-25-*-7","CP"
"29 3808-25-*-8","CP"
"29 3808-25-*-9","CP"
"29 3808-25-*-10","CP"
"29 3808-25-*-11","CP"
"29 3808-25-*-27","RS-21"
"29 3808-00-275","CP"
"29 3808-00-256","CP"
"29 3808-00-257","CP"
"29 3808-00-258","CP"
"29 3808-00-260","CP"
"29 3808-00-261","CP"
"29 3808-00-262","CP"
"29 3808-00-263","CP"
"29 3808-00-268","CP"
"29 3808-00-267","CP"
"29 3808-00-265","CP"
"29 3808-00-265.1","CP"
"29 3808-00-500","CP"
"29 3808-00-750","CP"
"29 3808-00-757","RS-21"
"29 3808-00-756","CP"
"29 3808-75-*-1","CP"
"29 3808-75-*-2","CP"
"29 3808-75-*-3","CP"
"29 3808-75-*-4","CP"
"29 3808-00-755","CP"
"29 3808-00-751","RS-21"
"29 3808-00-758","CP"
"28 3831-26-10.1","CP"
"28 3831-00-255","R/LC"
"28 3831-00-760","CG"
"29 3806-02-C-1","RM-6"
